{"cameraMode":{"drawMode":0,"name":"Shaded","section":"Shading Mode"},"sceneLighting":true,"audioPlay":false,"sceneViewState":{"showFog":true,"showMaterialUpdate":false,"showSkybox":true,"showFlares":true,"showImageEffects":true,"showParticleSystems":true},"in2DMode":false,"pivot":{"x":-4.862733364105225,"y":-6.384601593017578,"z":8.140189170837403},"rotation":{"x":0.13185717165470124,"y":-0.1507403552532196,"z":0.020310238003730775,"w":0.9795467257499695},"size":14.10616683959961,"orthographic":false}