{"cameraMode":{"drawMode":0,"name":"Shaded","section":"Shading Mode"},"sceneLighting":false,"audioPlay":false,"sceneViewState":{"showFog":true,"showMaterialUpdate":false,"showSkybox":false,"showFlares":true,"showImageEffects":true,"showParticleSystems":true},"in2DMode":false,"pivot":{"x":7.751894474029541,"y":2.385629653930664,"z":1.9335541725158692},"rotation":{"x":-0.2173086255788803,"y":0.49297988414764407,"z":-0.12867070734500886,"w":-0.8325837850570679},"size":10.0,"orthographic":false}